INSERT INTO `category` VALUES ('Books','none'),
                              ('Fiction','Books'),
                              ('Non-Fiction','Books');

INSERT INTO `orders` VALUES (1,1,1),
                            (2,1,0);

---
--- "sold" is "1" for true, "0" for false
--- //----THIS NEEDS A PICTURE VALUE TO BE USEFUL
---
INSERT INTO `product` VALUES (1,'Harry Potter and the socers stone','Lorem ipsum dolor sit amet, consectetur adipiscing elit. Aenean scelerisque ipsum mi, id laoreet diam cursus et. Interdum et malesuada fames ac ante ipsum primis in faucibus. Phasellus mauris augue, blandit nec scelerisque a, euismod non sem. Nulla vul.',10.5,1,0),
                             (2,'Harry Potter and chamber of secrets','Lorem ipsum dolor sit amet, consectetur adipiscing elit. Aenean scelerisque ipsum mi, id laoreet diam cursus et. Interdum et malesuada fames ac ante ipsum primis in faucibus. Phasellus mauris augue, blandit nec scelerisque a, euismod non sem. Nulla vul.',9.6,1,0),
                             (3,'Harry Potter and prisoner of azkaban','Lorem ipsum dolor sit amet, consectetur adipiscing elit. Aenean scelerisque ipsum mi, id laoreet diam cursus et. Interdum et malesuada fames ac ante ipsum primis in faucibus. Phasellus mauris augue, blandit nec scelerisque a, euismod non sem. Nulla vul.',8.5,1,0),
                             (4,'Harry Potter and goblet of fire','Lorem ipsum dolor sit amet, consectetur adipiscing elit. Aenean scelerisque ipsum mi, id laoreet diam cursus et. Interdum et malesuada fames ac ante ipsum primis in faucibus. Phasellus mauris augue, blandit nec scelerisque a, euismod non sem. Nulla vul.',7.3,1,0),
                             (5,'Harry Potter and the order of the phenix','Lorem ipsum dolor sit amet, consectetur adipiscing elit. Aenean scelerisque ipsum mi, id laoreet diam cursus et. Interdum et malesuada fames ac ante ipsum primis in faucibus. Phasellus mauris augue, blandit nec scelerisque a, euismod non sem. Nulla vul.',8.1,1,0),
                             (6,'Harry Potter and half blood prince','Lorem ipsum dolor sit amet, consectetur adipiscing elit. Aenean scelerisque ipsum mi, id laoreet diam cursus et. Interdum et malesuada fames ac ante ipsum primis in faucibus. Phasellus mauris augue, blandit nec scelerisque a, euismod non sem. Nulla vul.',11.56,1,0),
                             (7,'Harry Potter and deathly hallows','Lorem ipsum dolor sit amet, consectetur adipiscing elit. Aenean scelerisque ipsum mi, id laoreet diam cursus et. Interdum et malesuada fames ac ante ipsum primis in faucibus. Phasellus mauris augue, blandit nec scelerisque a, euismod non sem. Nulla vul.',9.45,1,0),
                             (8,'Gone girl','Lorem ipsum dolor sit amet, consectetur adipiscing elit. Aenean scelerisque ipsum mi, id laoreet diam cursus et. Interdum et malesuada fames ac ante ipsum primis in faucibus. Phasellus mauris augue, blandit nec scelerisque a, euismod non sem. Nulla vul.',8.67,1,0),
                             (9,'Girl with the dragon tattoo','Lorem ipsum dolor sit amet, consectetur adipiscing elit. Aenean scelerisque ipsum mi, id laoreet diam cursus et. Interdum et malesuada fames ac ante ipsum primis in faucibus. Phasellus mauris augue, blandit nec scelerisque a, euismod non sem. Nulla vul.',9,1,0),
                             (10,'Sherlock holmes','Lorem ipsum dolor sit amet, consectetur adipiscing elit. Aenean scelerisque ipsum mi, id laoreet diam cursus et. Interdum et malesuada fames ac ante ipsum primis in faucibus. Phasellus mauris augue, blandit nec scelerisque a, euismod non sem. Nulla vul.',9,1,0),
                             (11,'Harry Potter and the socers stone (Like new)','Lorem ipsum dolor sit amet, consectetur adipiscing elit. Aenean scelerisque ipsum mi, id laoreet diam cursus et. Interdum et malesuada fames ac ante ipsum primis in faucibus. Phasellus mauris augue, blandit nec scelerisque a, euismod non sem. Nulla vul.',10.55,2,0),
                             (12,'Harry Potter and chamber of secrets (Slight rip on a few pages)','Lorem ipsum dolor sit amet, consectetur adipiscing elit. Aenean scelerisque ipsum mi, id laoreet diam cursus et. Interdum et malesuada fames ac ante ipsum primis in faucibus. Phasellus mauris augue, blandit nec scelerisque a, euismod non sem. Nulla vul.',6.5,2,0),
                             (13,'Harry Potter and prisoner of azkaban (Coffee spill in the middle of book)','Lorem ipsum dolor sit amet, consectetur adipiscing elit. Aenean scelerisque ipsum mi, id laoreet diam cursus et. Interdum et malesuada fames ac ante ipsum primis in faucibus. Phasellus mauris augue, blandit nec scelerisque a, euismod non sem. Nulla vul.',4.3,2,0),
                             (14,'Harry Potter and goblet of fire (Like new)','Lorem ipsum dolor sit amet, consectetur adipiscing elit. Aenean scelerisque ipsum mi, id laoreet diam cursus et. Interdum et malesuada fames ac ante ipsum primis in faucibus. Phasellus mauris augue, blandit nec scelerisque a, euismod non sem. Nulla vul.',10.5,2,0),
                             (15,'Harry Potter and the order of the phenix (Missing soft cover)','Lorem ipsum dolor sit amet, consectetur adipiscing elit. Aenean scelerisque ipsum mi, id laoreet diam cursus et. Interdum et malesuada fames ac ante ipsum primis in faucibus. Phasellus mauris augue, blandit nec scelerisque a, euismod non sem. Nulla vul.',7.1,2,0),
                             (16,'Harry Potter and half blood prince (Signed by J.K Rowling)','Lorem ipsum dolor sit amet, consectetur adipiscing elit. Aenean scelerisque ipsum mi, id laoreet diam cursus et. Interdum et malesuada fames ac ante ipsum primis in faucibus. Phasellus mauris augue, blandit nec scelerisque a, euismod non sem. Nulla vul.',50.5,2,0),
                             (17,'Harry Potter and deathly hallows (With picture book from the movie)','Lorem ipsum dolor sit amet, consectetur adipiscing elit. Aenean scelerisque ipsum mi, id laoreet diam cursus et. Interdum et malesuada fames ac ante ipsum primis in faucibus. Phasellus mauris augue, blandit nec scelerisque a, euismod non sem. Nulla vul.',20.3,2,0),
                             (18,'Gone girl (Movie edition)','Lorem ipsum dolor sit amet, consectetur adipiscing elit. Aenean scelerisque ipsum mi, id laoreet diam cursus et. Interdum et malesuada fames ac ante ipsum primis in faucibus. Phasellus mauris augue, blandit nec scelerisque a, euismod non sem. Nulla vul.',10,2,0),
                             (19,'Girl with the dragon tattoo (Movie Edition)','Lorem ipsum dolor sit amet, consectetur adipiscing elit. Aenean scelerisque ipsum mi, id laoreet diam cursus et. Interdum et malesuada fames ac ante ipsum primis in faucibus. Phasellus mauris augue, blandit nec scelerisque a, euismod non sem. Nulla vul.',10,2,0),
                             (20,'Sherlock holmes (Movie Edition)','Lorem ipsum dolor sit amet, consectetur adipiscing elit. Aenean scelerisque ipsum mi, id laoreet diam cursus et. Interdum et malesuada fames ac ante ipsum primis in faucibus. Phasellus mauris augue, blandit nec scelerisque a, euismod non sem. Nulla vul.',10,2,0),
                             (21,'Harry Potter and the socers stone never been read','Lorem ipsum dolor sit amet, consectetur adipiscing elit. Aenean scelerisque ipsum mi, id laoreet diam cursus et. Interdum et malesuada fames ac ante ipsum primis in faucibus. Phasellus mauris augue, blandit nec scelerisque a, euismod non sem. Nulla vul.',20.1,3,0),
                             (22,'Harry Potter and chamber of secrets **Previously owned by Daniel Radclif','Lorem ipsum dolor sit amet, consectetur adipiscing elit. Aenean scelerisque ipsum mi, id laoreet diam cursus et. Interdum et malesuada fames ac ante ipsum primis in faucibus. Phasellus mauris augue, blandit nec scelerisque a, euismod non sem. Nulla vul.',60.67,3,0),
                             (23,'Harry Potter and prisoner of azkaban **Like new','Lorem ipsum dolor sit amet, consectetur adipiscing elit. Aenean scelerisque ipsum mi, id laoreet diam cursus et. Interdum et malesuada fames ac ante ipsum primis in faucibus. Phasellus mauris augue, blandit nec scelerisque a, euismod non sem. Nulla vul.',10.56,3,0),
                             (24,'Harry Potter and goblet of fire ** Exelect condition','Lorem ipsum dolor sit amet, consectetur adipiscing elit. Aenean scelerisque ipsum mi, id laoreet diam cursus et. Interdum et malesuada fames ac ante ipsum primis in faucibus. Phasellus mauris augue, blandit nec scelerisque a, euismod non sem. Nulla vul.',10.4,3,0),
                             (25,'Harry Potter and the order of the phenix **With picture book','Lorem ipsum dolor sit amet, consectetur adipiscing elit. Aenean scelerisque ipsum mi, id laoreet diam cursus et. Interdum et malesuada fames ac ante ipsum primis in faucibus. Phasellus mauris augue, blandit nec scelerisque a, euismod non sem. Nulla vul.',15.69,3,0),
                             (26,'Harry Potter and half blood prince **Signed by Emma Watson','Lorem ipsum dolor sit amet, consectetur adipiscing elit. Aenean scelerisque ipsum mi, id laoreet diam cursus et. Interdum et malesuada fames ac ante ipsum primis in faucibus. Phasellus mauris augue, blandit nec scelerisque a, euismod non sem. Nulla vul.',80.59,3,0),
                             (27,'Harry Potter and deathly hallows **Signed by Rupart Grant','Lorem ipsum dolor sit amet, consectetur adipiscing elit. Aenean scelerisque ipsum mi, id laoreet diam cursus et. Interdum et malesuada fames ac ante ipsum primis in faucibus. Phasellus mauris augue, blandit nec scelerisque a, euismod non sem. Nulla vul.',60.49,3,0),
                             (28,'Gone girl **Movie edition**','Lorem ipsum dolor sit amet, consectetur adipiscing elit. Aenean scelerisque ipsum mi, id laoreet diam cursus et. Interdum et malesuada fames ac ante ipsum primis in faucibus. Phasellus mauris augue, blandit nec scelerisque a, euismod non sem. Nulla vul.',10,3,0),
                             (29,'Girl with the dragon tattoo **Movie edition**','Lorem ipsum dolor sit amet, consectetur adipiscing elit. Aenean scelerisque ipsum mi, id laoreet diam cursus et. Interdum et malesuada fames ac ante ipsum primis in faucibus. Phasellus mauris augue, blandit nec scelerisque a, euismod non sem. Nulla vul.',10,3,0),
                             (30,'Sherlock holmes **Movie edition**','Lorem ipsum dolor sit amet, consectetur adipiscing elit. Aenean scelerisque ipsum mi, id laoreet diam cursus et. Interdum et malesuada fames ac ante ipsum primis in faucibus. Phasellus mauris augue, blandit nec scelerisque a, euismod non sem. Nulla vul.',10,3,0),
                             (31,'Steve Jobs Biography','Lorem ipsum dolor sit amet, consectetur adipiscing elit. Aenean scelerisque ipsum mi, id laoreet diam cursus et. Interdum et malesuada fames ac ante ipsum primis in faucibus. Phasellus mauris augue, blandit nec scelerisque a, euismod non sem. Nulla vul.',10.45,1,0),
                             (32,'Steve Woz Biography','Lorem ipsum dolor sit amet, consectetur adipiscing elit. Aenean scelerisque ipsum mi, id laoreet diam cursus et. Interdum et malesuada fames ac ante ipsum primis in faucibus. Phasellus mauris augue, blandit nec scelerisque a, euismod non sem. Nulla vul.',12.45,1,0),
                             (33,'Man in the wire','Lorem ipsum dolor sit amet, consectetur adipiscing elit. Aenean scelerisque ipsum mi, id laoreet diam cursus et. Interdum et malesuada fames ac ante ipsum primis in faucibus. Phasellus mauris augue, blandit nec scelerisque a, euismod non sem. Nulla vul.',8.75,1,0),
                             (34,'Elon Musk Autobiography','Lorem ipsum dolor sit amet, consectetur adipiscing elit. Aenean scelerisque ipsum mi, id laoreet diam cursus et. Interdum et malesuada fames ac ante ipsum primis in faucibus. Phasellus mauris augue, blandit nec scelerisque a, euismod non sem. Nulla vul.',5.45,1,0),
                             (35,'Space X','Lorem ipsum dolor sit amet, consectetur adipiscing elit. Aenean scelerisque ipsum mi, id laoreet diam cursus et. Interdum et malesuada fames ac ante ipsum primis in faucibus. Phasellus mauris augue, blandit nec scelerisque a, euismod non sem. Nulla vul.',3.45,1,0),
                             (36,'Chris Hatafeild Biography','Lorem ipsum dolor sit amet, consectetur adipiscing elit. Aenean scelerisque ipsum mi, id laoreet diam cursus et. Interdum et malesuada fames ac ante ipsum primis in faucibus. Phasellus mauris augue, blandit nec scelerisque a, euismod non sem. Nulla vul.',9.45,1,0),
                             (37,'Photo book by Chris Hatafeild','Lorem ipsum dolor sit amet, consectetur adipiscing elit. Aenean scelerisque ipsum mi, id laoreet diam cursus et. Interdum et malesuada fames ac ante ipsum primis in faucibus. Phasellus mauris augue, blandit nec scelerisque a, euismod non sem. Nulla vul.',8.45,1,0),
                             (38,'The social network','Lorem ipsum dolor sit amet, consectetur adipiscing elit. Aenean scelerisque ipsum mi, id laoreet diam cursus et. Interdum et malesuada fames ac ante ipsum primis in faucibus. Phasellus mauris augue, blandit nec scelerisque a, euismod non sem. Nulla vul.',15.45,1,0),
                             (39,'MySQL for dummies','Lorem ipsum dolor sit amet, consectetur adipiscing elit. Aenean scelerisque ipsum mi, id laoreet diam cursus et. Interdum et malesuada fames ac ante ipsum primis in faucibus. Phasellus mauris augue, blandit nec scelerisque a, euismod non sem. Nulla vul.',50.45,1,0),
                             (40,'PHP for dummies','Lorem ipsum dolor sit amet, consectetur adipiscing elit. Aenean scelerisque ipsum mi, id laoreet diam cursus et. Interdum et malesuada fames ac ante ipsum primis in faucibus. Phasellus mauris augue, blandit nec scelerisque a, euismod non sem. Nulla vul.',50.45,1,0),
                             (41,'Steve Jobs Biography (Like new!!)','Lorem ipsum dolor sit amet, consectetur adipiscing elit. Aenean scelerisque ipsum mi, id laoreet diam cursus et. Interdum et malesuada fames ac ante ipsum primis in faucibus. Phasellus mauris augue, blandit nec scelerisque a, euismod non sem. Nulla vul.',12.45,2,0),
                             (42,'Steve Woz Biography (Signed by Steve Woz!)','Lorem ipsum dolor sit amet, consectetur adipiscing elit. Aenean scelerisque ipsum mi, id laoreet diam cursus et. Interdum et malesuada fames ac ante ipsum primis in faucibus. Phasellus mauris augue, blandit nec scelerisque a, euismod non sem. Nulla vul.',100.45,2,0),
                             (43,'Man in the wire (Never been read)','Lorem ipsum dolor sit amet, consectetur adipiscing elit. Aenean scelerisque ipsum mi, id laoreet diam cursus et. Interdum et malesuada fames ac ante ipsum primis in faucibus. Phasellus mauris augue, blandit nec scelerisque a, euismod non sem. Nulla vul.',9.75,2,0),
                             (44,'Elon Musk Autobiography (Signed Copy!!!)','Lorem ipsum dolor sit amet, consectetur adipiscing elit. Aenean scelerisque ipsum mi, id laoreet diam cursus et. Interdum et malesuada fames ac ante ipsum primis in faucibus. Phasellus mauris augue, blandit nec scelerisque a, euismod non sem. Nulla vul.',30.45,2,0),
                             (45,'Space X (With actual blue prints)','Lorem ipsum dolor sit amet, consectetur adipiscing elit. Aenean scelerisque ipsum mi, id laoreet diam cursus et. Interdum et malesuada fames ac ante ipsum primis in faucibus. Phasellus mauris augue, blandit nec scelerisque a, euismod non sem. Nulla vul.',3.45,2,0),
                             (46,'Chris Hatafeild Biography (Signed Copy!!)','Lorem ipsum dolor sit amet, consectetur adipiscing elit. Aenean scelerisque ipsum mi, id laoreet diam cursus et. Interdum et malesuada fames ac ante ipsum primis in faucibus. Phasellus mauris augue, blandit nec scelerisque a, euismod non sem. Nulla vul.',9.45,2,0),
                             (47,'Photo book by Chris Hatafeild (Like new!)','Lorem ipsum dolor sit amet, consectetur adipiscing elit. Aenean scelerisque ipsum mi, id laoreet diam cursus et. Interdum et malesuada fames ac ante ipsum primis in faucibus. Phasellus mauris augue, blandit nec scelerisque a, euismod non sem. Nulla vul.',8.45,2,0),
                             (48,'The social network (Movie Edition)','Lorem ipsum dolor sit amet, consectetur adipiscing elit. Aenean scelerisque ipsum mi, id laoreet diam cursus et. Interdum et malesuada fames ac ante ipsum primis in faucibus. Phasellus mauris augue, blandit nec scelerisque a, euismod non sem. Nulla vul.',15.45,2,0),
                             (49,'MySQL for dummies (With annotations)','Lorem ipsum dolor sit amet, consectetur adipiscing elit. Aenean scelerisque ipsum mi, id laoreet diam cursus et. Interdum et malesuada fames ac ante ipsum primis in faucibus. Phasellus mauris augue, blandit nec scelerisque a, euismod non sem. Nulla vul.',50.45,2,0),
                             (50,'PHP for dummies (With annotations)','Lorem ipsum dolor sit amet, consectetur adipiscing elit. Aenean scelerisque ipsum mi, id laoreet diam cursus et. Interdum et malesuada fames ac ante ipsum primis in faucibus. Phasellus mauris augue, blandit nec scelerisque a, euismod non sem. Nulla vul.',50.45,2,0),
                             (51,'Steve Jobs Biography **Like new!!','Lorem ipsum dolor sit amet, consectetur adipiscing elit. Aenean scelerisque ipsum mi, id laoreet diam cursus et. Interdum et malesuada fames ac ante ipsum primis in faucibus. Phasellus mauris augue, blandit nec scelerisque a, euismod non sem. Nulla vul.',12.45,3,0),
                             (52,'Steve Woz Biography **Like new**','Lorem ipsum dolor sit amet, consectetur adipiscing elit. Aenean scelerisque ipsum mi, id laoreet diam cursus et. Interdum et malesuada fames ac ante ipsum primis in faucibus. Phasellus mauris augue, blandit nec scelerisque a, euismod non sem. Nulla vul.',100.45,3,0),
                             (53,'Man in the wire **Signed copy**','Lorem ipsum dolor sit amet, consectetur adipiscing elit. Aenean scelerisque ipsum mi, id laoreet diam cursus et. Interdum et malesuada fames ac ante ipsum primis in faucibus. Phasellus mauris augue, blandit nec scelerisque a, euismod non sem. Nulla vul.',9.75,3,0),
                             (54,'Elon Musk Autobiography **Signed Copy**','Lorem ipsum dolor sit amet, consectetur adipiscing elit. Aenean scelerisque ipsum mi, id laoreet diam cursus et. Interdum et malesuada fames ac ante ipsum primis in faucibus. Phasellus mauris augue, blandit nec scelerisque a, euismod non sem. Nulla vul.',30.45,3,0),
                             (55,'Space X **Actual blue prints inside**','Lorem ipsum dolor sit amet, consectetur adipiscing elit. Aenean scelerisque ipsum mi, id laoreet diam cursus et. Interdum et malesuada fames ac ante ipsum primis in faucibus. Phasellus mauris augue, blandit nec scelerisque a, euismod non sem. Nulla vul.',3.45,3,0),
                             (56,'Chris Hatafeild Biography **Signed with picture of chris in space','Lorem ipsum dolor sit amet, consectetur adipiscing elit. Aenean scelerisque ipsum mi, id laoreet diam cursus et. Interdum et malesuada fames ac ante ipsum primis in faucibus. Phasellus mauris augue, blandit nec scelerisque a, euismod non sem. Nulla vul.',9.45,3,0),
                             (57,'Photo book by Chris Hatafeild **With 35mm negative','Lorem ipsum dolor sit amet, consectetur adipiscing elit. Aenean scelerisque ipsum mi, id laoreet diam cursus et. Interdum et malesuada fames ac ante ipsum primis in faucibus. Phasellus mauris augue, blandit nec scelerisque a, euismod non sem. Nulla vul.',8.45,3,0),
                             (58,'The social network **Movie picture book included**','Lorem ipsum dolor sit amet, consectetur adipiscing elit. Aenean scelerisque ipsum mi, id laoreet diam cursus et. Interdum et malesuada fames ac ante ipsum primis in faucibus. Phasellus mauris augue, blandit nec scelerisque a, euismod non sem. Nulla vul.',15.45,3,0),
                             (59,'MySQL for dummies **No annotations clean copy','Lorem ipsum dolor sit amet, consectetur adipiscing elit. Aenean scelerisque ipsum mi, id laoreet diam cursus et. Interdum et malesuada fames ac ante ipsum primis in faucibus. Phasellus mauris augue, blandit nec scelerisque a, euismod non sem. Nulla vul.',50.45,3,0),
                             (60,'PHP for dummies **Some annotations in Ch 1-4','Lorem ipsum dolor sit amet, consectetur adipiscing elit. Aenean scelerisque ipsum mi, id laoreet diam cursus et. Interdum et malesuada fames ac ante ipsum primis in faucibus. Phasellus mauris augue, blandit nec scelerisque a, euismod non sem. Nulla vul.',50.45,3,0),
                             (61,'Random non-fiction book','Lorem ipsum dolor sit amet, consectetur adipiscing elit. Aenean scelerisque ipsum mi, id laoreet diam cursus et. Interdum et malesuada fames ac ante ipsum primis in faucibus. Phasellus mauris augue, blandit nec scelerisque a, euismod non sem. Nulla vul.',2.5,2,1),
                             (62,'Random fiction book','Lorem ipsum dolor sit amet, consectetur adipiscing elit. Aenean scelerisque ipsum mi, id laoreet diam cursus et. Interdum et malesuada fames ac ante ipsum primis in faucibus. Phasellus mauris augue, blandit nec scelerisque a, euismod non sem. Nulla vul.',2.5,2,1),
                             (63,'Another Random fiction book','Lorem ipsum dolor sit amet, consectetur adipiscing elit. Aenean scelerisque ipsum mi, id laoreet diam cursus et. Interdum et malesuada fames ac ante ipsum primis in faucibus. Phasellus mauris augue, blandit nec scelerisque a, euismod non sem. Nulla vul.',3.5,3,1),
                             (64,'Another Random non-fiction book','Lorem ipsum dolor sit amet, consectetur adipiscing elit. Aenean scelerisque ipsum mi, id laoreet diam cursus et. Interdum et malesuada fames ac ante ipsum primis in faucibus. Phasellus mauris augue, blandit nec scelerisque a, euismod non sem. Nulla vul.',2.5,3,1),
                             (65,'Another Random fiction book','Lorem ipsum dolor sit amet, consectetur adipiscing elit. Aenean scelerisque ipsum mi, id laoreet diam cursus et. Interdum et malesuada fames ac ante ipsum primis in faucibus. Phasellus mauris augue, blandit nec scelerisque a, euismod non sem. Nulla vul.',3.5,1,1),
                             (66,'Another Random non-fiction book','Lorem ipsum dolor sit amet, consectetur adipiscing elit. Aenean scelerisque ipsum mi, id laoreet diam cursus et. Interdum et malesuada fames ac ante ipsum primis in faucibus. Phasellus mauris augue, blandit nec scelerisque a, euismod non sem. Nulla vul.',2.5,1,1);

INSERT INTO `product_category` VALUES (1,'Fiction'),
                                      (2,'Fiction'),
                                      (3,'Fiction'),
                                      (4,'Fiction'),
                                      (5,'Fiction'),
                                      (6,'Fiction'),
                                      (7,'Fiction'),
                                      (8,'Fiction'),
                                      (9,'Fiction'),
                                      (10,'Fiction'),
                                      (11,'Fiction'),
                                      (12,'Fiction'),
                                      (13,'Fiction'),
                                      (14,'Fiction'),
                                      (15,'Fiction'),
                                      (16,'Fiction'),
                                      (17,'Fiction'),
                                      (18,'Fiction'),
                                      (19,'Fiction'),
                                      (20,'Fiction'),
                                      (21,'Fiction'),
                                      (22,'Fiction'),
                                      (23,'Fiction'),
                                      (24,'Fiction'),
                                      (25,'Fiction'),
                                      (26,'Fiction'),
                                      (27,'Fiction'),
                                      (28,'Fiction'),
                                      (29,'Fiction'),
                                      (30,'Fiction'),
                                      (31,'Non-Fiction'),
                                      (32,'Non-Fiction'),
                                      (33,'Non-Fiction'),
                                      (34,'Non-Fiction'),
                                      (35,'Non-Fiction'),
                                      (36,'Non-Fiction'),
                                      (37,'Non-Fiction'),
                                      (38,'Non-Fiction'),
                                      (39,'Non-Fiction'),
                                      (40,'Non-Fiction'),
                                      (41,'Non-Fiction'),
                                      (42,'Non-Fiction'),
                                      (43,'Non-Fiction'),
                                      (44,'Non-Fiction'),
                                      (45,'Non-Fiction'),
                                      (46,'Non-Fiction'),
                                      (47,'Non-Fiction'),
                                      (48,'Non-Fiction'),
                                      (49,'Non-Fiction'),
                                      (50,'Non-Fiction'),
                                      (51,'Non-Fiction'),
                                      (52,'Non-Fiction'),
                                      (53,'Non-Fiction'),
                                      (54,'Non-Fiction'),
                                      (55,'Non-Fiction'),
                                      (56,'Non-Fiction'),
                                      (57,'Non-Fiction'),
                                      (58,'Non-Fiction'),
                                      (59,'Non-Fiction'),
                                      (60,'Non-Fiction'),
                                      (61,'Non-Fiction'),
                                      (62,'Non-Fiction'),
                                      (63,'Non-Fiction'),
                                      (64,'Non-Fiction'),
                                      (65,'Fiction'),
                                      (66,'Non-Fiction');

INSERT INTO `product_orders` VALUES (1,61),
                                    (1,63),
                                    (2,11),
                                    (2,12),
                                    (2,24);

INSERT INTO `reviews` VALUES (1,2,1,'He shipped his orders in a timely maner and the product was as described. I would definitly recomend ordering from this guy.',4,'2014-11-04 19:41:17'),
                             (2,2,3,'This guy took 3 weeks to ship his book. The book was in pretty fair conditon. Other than the time it took for him to ship the book everything was good.',3,'2014-11-04 19:41:17'),
                             (3,1,2,'Awful this guy is a total scamer. DO NOT BUY FROM HIM!',1,'2014-11-04 19:41:17'),
                             (4,1,3,'This guys sent me a box full of stuffing from a stuffed animal rather than the book I had tried to buy from him. Buyer beware.',4,'2014-11-04 19:41:17'),
                             (5,3,1,'Exelent. The book I ordered came in really cool wrapping paper. It was a nice suprise and it made me feel like it was christmas. I would definitly recomend ording from this seller.',5,'2014-11-04 19:41:17'),
                             (6,3,2,'He drew me a really funny picture and put it in the box with the book. I got a kick out of it and I would definitly buy from this seller again.',5,'2014-11-04 19:41:17');

INSERT INTO `user` VALUES (1,'Danwakeem','password','12344','Dan','Jarvis','2700 Beez Wax ln.','McKinney','Texas','75070'),
                          (2,'CoolCrab21','password','1234567891234567','Kyle','Brofloski','2700 Mountain View Dr','Boobladesh','California','75534'),
                          (3,'DinoMaster34','password','1234567891235555','Stan','Marsh','2905 Turtle Creek Dr.','Vancover','Oregon','79336');
